{
	"__comment": "Designed by MinecraftSpace with Cubik Studio - https://cubik.studio",
	"ambientocclusion": false,
	"textures": {
		"rail": "blocks/e_texture"
	},
	"elements": [ 	 
		{
			"__comment": "Box2",
			"from": [ 1.000341, 1.15624, 2.24968 ],
			"to": [ 15.00034, 2.15624, 4.249681 ],
			"rotation": { "origin": [ 1, 1.15625, 2.25 ], "axis": "x", "angle": -45, "rescale": true },
			"faces": {
				"down": { "uv": [ 1, 3, 15, 1 ], "texture": "#rail" },
				"up": { "uv": [ 1, 1, 15, 3 ], "texture": "#rail" },
				"north": { "uv": [ 15, 1, 1, 2 ], "texture": "#rail" },
				"south": { "uv": [ 1, 2, 15, 3 ], "texture": "#rail" },
				"west": { "uv": [ 1, 1, 2, 3 ], "texture": "#rail", "rotation": 270 },
				"east": { "uv": [ 15, 3, 14, 1 ], "texture": "#rail", "rotation": 270 }
			}
		},
		{
			"__comment": "Box3",
			"from": [ 1.000566, 1.156175, 6.249559 ],
			"to": [ 15.00057, 2.156175, 8.249559 ],
			"rotation": { "origin": [ 1, 1.15625, 2.25 ], "axis": "x", "angle": -45, "rescale": true },
			"faces": {
				"down": { "uv": [ 1, 7, 15, 5 ], "texture": "#rail" },
				"up": { "uv": [ 1, 5, 15, 7 ], "texture": "#rail" },
				"north": { "uv": [ 15, 5, 1, 6 ], "texture": "#rail" },
				"south": { "uv": [ 1, 6, 15, 7 ], "texture": "#rail" },
				"west": { "uv": [ 1, 5, 2, 7 ], "texture": "#rail", "rotation": 270 },
				"east": { "uv": [ 15, 7, 14, 5 ], "texture": "#rail", "rotation": 270 }
			}
		},
		{
			"__comment": "Box4",
			"from": [ 0.9998134, 1.156463, 10.2497 ],
			"to": [ 14.99981, 2.156463, 12.2497 ],
			"rotation": { "origin": [ 1, 1.15625, 2.25 ], "axis": "x", "angle": -45, "rescale": true },
			"faces": {
				"down": { "uv": [ 1, 11, 15, 9 ], "texture": "#rail" },
				"up": { "uv": [ 1, 9, 15, 11 ], "texture": "#rail" },
				"north": { "uv": [ 15, 9, 1, 10 ], "texture": "#rail" },
				"south": { "uv": [ 1, 10, 15, 11 ], "texture": "#rail" },
				"west": { "uv": [ 1, 9, 2, 11 ], "texture": "#rail", "rotation": 270 },
				"east": { "uv": [ 15, 11, 14, 9 ], "texture": "#rail", "rotation": 270 }
			}
		},
		{
			"__comment": "Box5",
			"from": [ 0.999699, 1.125441, 14.24986 ],
			"to": [ 14.9997, 2.125442, 16.24986 ],
			"rotation": { "origin": [ 1, 1.125, 2.25 ], "axis": "x", "angle": -45, "rescale": true },
			"faces": {
				"down": { "uv": [ 1, 15, 15, 13 ], "texture": "#rail" },
				"up": { "uv": [ 1, 13, 15, 15 ], "texture": "#rail" },
				"north": { "uv": [ 15, 13, 1, 14 ], "texture": "#rail" },
				"south": { "uv": [ 1, 14, 15, 15 ], "texture": "#rail" },
				"west": { "uv": [ 1, 13, 2, 15 ], "texture": "#rail", "rotation": 270 },
				"east": { "uv": [ 15, 15, 14, 13 ], "texture": "#rail", "rotation": 270 }
			}
		},
		{
			"__comment": "Box7",
			"from": [ 5.000908, 3.80533, 6.53713 ],
			"to": [ 11.00091, 4.80533, 12.53713 ],
			"rotation": { "origin": [ -13, 3.40625, 4.9375 ], "axis": "x", "angle": -45, "rescale": true },
			"faces": {
				"down": { "uv": [ 5, 5, 11, 11 ], "texture": "#rail" },
				"up": { "uv": [ 5, 5, 11, 11 ], "texture": "#rail" },
				"north": { "uv": [ 5, 5, 11, 6 ], "texture": "#rail" },
				"south": { "uv": [ 5, 5, 11, 6 ], "texture": "#rail" },
				"west": { "uv": [ 5, 5, 11, 6 ], "texture": "#rail" },
				"east": { "uv": [ 5, 5, 11, 6 ], "texture": "#rail" }
			}
		},
		{
			"__comment": "Box8",
			"from": [ 11.99758, 1.234812, 0.4952371 ],
			"to": [ 13.99758, 2.234812, 16.99524 ],
			"rotation": { "origin": [ 5.34375, 1.25, 2.21875 ], "axis": "x", "angle": -45, "rescale": true },
			"faces": {
				"down": { "uv": [ 12, 16, 14, 0 ], "texture": "#rail" },
				"up": { "uv": [ 12, 16, 14, 0 ], "texture": "#rail" },
				"north": { "uv": [ 14, 0, 12, 1 ], "texture": "#rail" },
				"south": { "uv": [ 12, 15, 14, 16 ], "texture": "#rail" },
				"west": { "uv": [ 13, 0, 14, 16 ], "texture": "#rail", "rotation": 270 },
				"east": { "uv": [ 3, 16, 2, 0 ], "texture": "#rail", "rotation": 270 }
			}
		},
		{
			"__comment": "Box8",
			"from": [ 1.997567, 1.264646, 0.5272565 ],
			"to": [ 3.997567, 2.264646, 17.02726 ],
			"rotation": { "origin": [ -4.65625, 1.28125, 2.25 ], "axis": "x", "angle": -45, "rescale": true },
			"faces": {
				"down": { "uv": [ 12, 16, 14, 0 ], "texture": "#rail" },
				"up": { "uv": [ 14, 16, 12, 0 ], "texture": "#rail" },
				"north": { "uv": [ 14, 0, 12, 1 ], "texture": "#rail" },
				"south": { "uv": [ 12, 15, 14, 16 ], "texture": "#rail" },
				"west": { "uv": [ 13, 0, 14, 16 ], "texture": "#rail", "rotation": 270 },
				"east": { "uv": [ 3, 16, 2, 0 ], "texture": "#rail", "rotation": 270 }
			}
		}
	]
}