{
	"textures": {
		"particle": "blocks/rail_normal",
		"texture": "blocks/rail_normal",
		"rail_normal": "blocks/rail_normal"
	},
	"elements": [ 	 
		{
			"__comment": "Box1",
			"from": [ 0.9991094, -0.0006330557, 1.000679 ],
			"to": [ 14.99911, 0.9993669, 3.000679 ],
			"faces": {
				"down": { "uv": [ 1, 3, 15, 1 ], "texture": "#rail_normal" },
				"up": { "uv": [ 1, 1, 15, 3 ], "texture": "#rail_normal" },
				"north": { "uv": [ 15, 1, 1, 2 ], "texture": "#rail_normal" },
				"south": { "uv": [ 1, 2, 15, 3 ], "texture": "#rail_normal" },
				"west": { "uv": [ 1, 1, 2, 3 ], "texture": "#rail_normal", "rotation": 270 },
				"east": { "uv": [ 15, 3, 14, 1 ], "texture": "#rail_normal", "rotation": 270 }
			}
		},
		{
			"__comment": "Box2",
			"from": [ 0.9990429, 0.0003556206, 4.999983 ],
			"to": [ 14.99904, 1.000356, 6.999983 ],
			"faces": {
				"down": { "uv": [ 1, 7, 15, 5 ], "texture": "#rail_normal" },
				"up": { "uv": [ 1, 5, 15, 7 ], "texture": "#rail_normal" },
				"north": { "uv": [ 15, 5, 1, 6 ], "texture": "#rail_normal" },
				"south": { "uv": [ 1, 6, 15, 7 ], "texture": "#rail_normal" },
				"west": { "uv": [ 1, 5, 2, 7 ], "texture": "#rail_normal", "rotation": 270 },
				"east": { "uv": [ 15, 7, 14, 5 ], "texture": "#rail_normal", "rotation": 270 }
			}
		},
		{
			"__comment": "Box3",
			"from": [ 1.00001, 1.287088E-06, 8.999093 ],
			"to": [ 15.00001, 1.000001, 10.99909 ],
			"faces": {
				"down": { "uv": [ 1, 11, 15, 9 ], "texture": "#rail_normal" },
				"up": { "uv": [ 1, 9, 15, 11 ], "texture": "#rail_normal" },
				"north": { "uv": [ 15, 9, 1, 10 ], "texture": "#rail_normal" },
				"south": { "uv": [ 1, 10, 15, 11 ], "texture": "#rail_normal" },
				"west": { "uv": [ 1, 9, 2, 11 ], "texture": "#rail_normal", "rotation": 270 },
				"east": { "uv": [ 15, 11, 14, 9 ], "texture": "#rail_normal", "rotation": 270 }
			}
		},
		{
			"__comment": "Box4",
			"from": [ 1.00042, -0.0001183635, 12.99903 ],
			"to": [ 15.00042, 0.9998816, 14.99903 ],
			"faces": {
				"down": { "uv": [ 1, 15, 15, 13 ], "texture": "#rail_normal" },
				"up": { "uv": [ 1, 13, 15, 15 ], "texture": "#rail_normal" },
				"north": { "uv": [ 15, 13, 1, 14 ], "texture": "#rail_normal" },
				"south": { "uv": [ 1, 14, 15, 15 ], "texture": "#rail_normal" },
				"west": { "uv": [ 1, 13, 2, 15 ], "texture": "#rail_normal", "rotation": 270 },
				"east": { "uv": [ 15, 15, 14, 13 ], "texture": "#rail_normal", "rotation": 270 }
			}
		},
		{
			"__comment": "Box5",
			"from": [ 2.000898, -0.0005205646, -0.0003072907 ],
			"to": [ 4.000898, 0.9994794, 15.99969 ],
			"faces": {
				"down": { "uv": [ 2, 16, 4, 0 ], "texture": "#rail_normal" },
				"up": { "uv": [ 2, 0, 4, 16 ], "texture": "#rail_normal" },
				"north": { "uv": [ 4, 0, 2, 1 ], "texture": "#rail_normal" },
				"south": { "uv": [ 2, 15, 4, 16 ], "texture": "#rail_normal" },
				"west": { "uv": [ 2, 0, 3, 16 ], "texture": "#rail_normal", "rotation": 270 },
				"east": { "uv": [ 4, 16, 3, 0 ], "texture": "#rail_normal", "rotation": 270 }
			}
		},
		{
			"__comment": "Box6",
			"from": [ 11.9999, -0.0004927763, 0.0006439679 ],
			"to": [ 13.9999, 0.9995072, 16.00064 ],
			"faces": {
				"down": { "uv": [ 12, 16, 14, 0 ], "texture": "#rail_normal" },
				"up": { "uv": [ 12, 0, 14, 16 ], "texture": "#rail_normal" },
				"north": { "uv": [ 14, 0, 12, 1 ], "texture": "#rail_normal" },
				"south": { "uv": [ 12, 15, 14, 16 ], "texture": "#rail_normal" },
				"west": { "uv": [ 12, 0, 13, 16 ], "texture": "#rail_normal", "rotation": 270 },
				"east": { "uv": [ 14, 16, 13, 0 ], "texture": "#rail_normal", "rotation": 270 }
			}
		}
	]
}