{
	"textures": {
		"particle": "blocks/rail_normal_turned",
		"texture": "blocks/rail_normal_turned",
		"rail_normal_turned": "blocks/rail_normal_turned"
	},
	"elements": [ 	 
		{
			"__comment": "Box1",
			"from": [ 0.9995162, 0.0005030787, 10.99923 ],
			"to": [ 4.999516, 1.000503, 12.99923 ],
			"faces": {
				"down": { "uv": [ 1, 13, 5, 11 ], "texture": "#rail_normal_turned" },
				"up": { "uv": [ 1, 11, 5, 13 ], "texture": "#rail_normal_turned" },
				"north": { "uv": [ 5, 11, 1, 12 ], "texture": "#rail_normal_turned" },
				"south": { "uv": [ 1, 12, 5, 13 ], "texture": "#rail_normal_turned" },
				"west": { "uv": [ 1, 11, 2, 13 ], "texture": "#rail_normal_turned", "rotation": 270 },
				"east": { "uv": [ 5, 13, 4, 11 ], "texture": "#rail_normal_turned", "rotation": 270 }
			}
		},
		{
			"__comment": "Box2",
			"from": [ 2.000748, -0.0001476897, 13.00033 ],
			"to": [ 10.00075, 0.9998523, 14.00033 ],
			"faces": {
				"down": { "uv": [ 2, 14, 10, 13 ], "texture": "#rail_normal_turned" },
				"up": { "uv": [ 2, 13, 10, 14 ], "texture": "#rail_normal_turned" },
				"north": { "uv": [ 10, 13, 2, 14 ], "texture": "#rail_normal_turned" },
				"south": { "uv": [ 2, 13, 10, 14 ], "texture": "#rail_normal_turned" },
				"west": { "uv": [ 2, 13, 3, 14 ], "texture": "#rail_normal_turned", "rotation": 270 },
				"east": { "uv": [ 10, 14, 9, 13 ], "texture": "#rail_normal_turned", "rotation": 270 }
			}
		},
		{
			"__comment": "Box3",
			"from": [ 1.999624, -0.0008528788, 13.99965 ],
			"to": [ 3.999624, 0.9991471, 15.99965 ],
			"faces": {
				"down": { "uv": [ 2, 16, 4, 14 ], "texture": "#rail_normal_turned" },
				"up": { "uv": [ 2, 14, 4, 16 ], "texture": "#rail_normal_turned" },
				"north": { "uv": [ 4, 14, 2, 15 ], "texture": "#rail_normal_turned" },
				"south": { "uv": [ 2, 15, 4, 16 ], "texture": "#rail_normal_turned" },
				"west": { "uv": [ 2, 14, 3, 16 ], "texture": "#rail_normal_turned", "rotation": 270 },
				"east": { "uv": [ 4, 16, 3, 14 ], "texture": "#rail_normal_turned", "rotation": 270 }
			}
		},
		{
			"__comment": "Box4",
			"from": [ 3.000669, -0.0001337129, 9.999135 ],
			"to": [ 5.000669, 0.9998663, 10.99914 ],
			"faces": {
				"down": { "uv": [ 3, 11, 5, 10 ], "texture": "#rail_normal_turned" },
				"up": { "uv": [ 3, 10, 5, 11 ], "texture": "#rail_normal_turned" },
				"north": { "uv": [ 5, 10, 3, 11 ], "texture": "#rail_normal_turned" },
				"south": { "uv": [ 3, 10, 5, 11 ], "texture": "#rail_normal_turned" },
				"west": { "uv": [ 3, 10, 4, 11 ], "texture": "#rail_normal_turned", "rotation": 270 },
				"east": { "uv": [ 5, 11, 4, 10 ], "texture": "#rail_normal_turned", "rotation": 270 }
			}
		},
		{
			"__comment": "Box5",
			"from": [ 4.000217, 0.0003490908, 8.00082 ],
			"to": [ 6.000217, 1.000349, 10.00082 ],
			"faces": {
				"down": { "uv": [ 4, 10, 6, 8 ], "texture": "#rail_normal_turned" },
				"up": { "uv": [ 4, 8, 6, 10 ], "texture": "#rail_normal_turned" },
				"north": { "uv": [ 6, 8, 4, 9 ], "texture": "#rail_normal_turned" },
				"south": { "uv": [ 4, 9, 6, 10 ], "texture": "#rail_normal_turned" },
				"west": { "uv": [ 4, 8, 5, 10 ], "texture": "#rail_normal_turned", "rotation": 270 },
				"east": { "uv": [ 6, 10, 5, 8 ], "texture": "#rail_normal_turned", "rotation": 270 }
			}
		},
		{
			"__comment": "Box6",
			"from": [ 5.00035, -0.0004068646, 5.000473 ],
			"to": [ 10.00035, 0.9995931, 6.000473 ],
			"faces": {
				"down": { "uv": [ 5, 6, 10, 5 ], "texture": "#rail_normal_turned" },
				"up": { "uv": [ 5, 5, 10, 6 ], "texture": "#rail_normal_turned" },
				"north": { "uv": [ 10, 5, 5, 6 ], "texture": "#rail_normal_turned" },
				"south": { "uv": [ 5, 5, 10, 6 ], "texture": "#rail_normal_turned" },
				"west": { "uv": [ 5, 5, 6, 6 ], "texture": "#rail_normal_turned", "rotation": 270 },
				"east": { "uv": [ 10, 6, 9, 5 ], "texture": "#rail_normal_turned", "rotation": 270 }
			}
		},
		{
			"__comment": "Box7",
			"from": [ 5.000319, 0.0003262758, 6.000811 ],
			"to": [ 8.000319, 1.000326, 8.000811 ],
			"faces": {
				"down": { "uv": [ 5, 8, 8, 6 ], "texture": "#rail_normal_turned" },
				"up": { "uv": [ 5, 6, 8, 8 ], "texture": "#rail_normal_turned" },
				"north": { "uv": [ 8, 6, 5, 7 ], "texture": "#rail_normal_turned" },
				"south": { "uv": [ 5, 7, 8, 8 ], "texture": "#rail_normal_turned" },
				"west": { "uv": [ 5, 6, 6, 8 ], "texture": "#rail_normal_turned", "rotation": 270 },
				"east": { "uv": [ 8, 8, 7, 6 ], "texture": "#rail_normal_turned", "rotation": 270 }
			}
		},
		{
			"__comment": "Box8",
			"from": [ 5.000246, 0.0007502637, 11.99916 ],
			"to": [ 7.000246, 1.00075, 12.99916 ],
			"faces": {
				"down": { "uv": [ 5, 13, 7, 12 ], "texture": "#rail_normal_turned" },
				"up": { "uv": [ 5, 12, 7, 13 ], "texture": "#rail_normal_turned" },
				"north": { "uv": [ 7, 12, 5, 13 ], "texture": "#rail_normal_turned" },
				"south": { "uv": [ 5, 12, 7, 13 ], "texture": "#rail_normal_turned" },
				"west": { "uv": [ 5, 12, 6, 13 ], "texture": "#rail_normal_turned", "rotation": 270 },
				"east": { "uv": [ 7, 13, 6, 12 ], "texture": "#rail_normal_turned", "rotation": 270 }
			}
		},
		{
			"__comment": "Box9",
			"from": [ 7.000964, -0.0001979772, 7.99908 ],
			"to": [ 10.00096, 0.999802, 8.99908 ],
			"faces": {
				"down": { "uv": [ 7, 9, 10, 8 ], "texture": "#rail_normal_turned" },
				"up": { "uv": [ 7, 8, 10, 9 ], "texture": "#rail_normal_turned" },
				"north": { "uv": [ 10, 8, 7, 9 ], "texture": "#rail_normal_turned" },
				"south": { "uv": [ 7, 8, 10, 9 ], "texture": "#rail_normal_turned" },
				"west": { "uv": [ 7, 8, 8, 9 ], "texture": "#rail_normal_turned", "rotation": 270 },
				"east": { "uv": [ 10, 9, 9, 8 ], "texture": "#rail_normal_turned", "rotation": 270 }
			}
		},
		{
			"__comment": "Box10",
			"from": [ 6.999402, -0.0008842922, 14.00013 ],
			"to": [ 15.9994, 0.9991157, 15.00013 ],
			"faces": {
				"down": { "uv": [ 7, 15, 16, 14 ], "texture": "#rail_normal_turned" },
				"up": { "uv": [ 7, 14, 16, 15 ], "texture": "#rail_normal_turned" },
				"north": { "uv": [ 16, 14, 7, 15 ], "texture": "#rail_normal_turned" },
				"south": { "uv": [ 7, 14, 16, 15 ], "texture": "#rail_normal_turned" },
				"west": { "uv": [ 7, 14, 8, 15 ], "texture": "#rail_normal_turned", "rotation": 270 },
				"east": { "uv": [ 16, 15, 15, 14 ], "texture": "#rail_normal_turned", "rotation": 270 }
			}
		},
		{
			"__comment": "Box11",
			"from": [ 7.99933, -0.0006451688, 3.999975 ],
			"to": [ 13.99933, 0.9993548, 4.999975 ],
			"faces": {
				"down": { "uv": [ 8, 5, 14, 4 ], "texture": "#rail_normal_turned" },
				"up": { "uv": [ 8, 4, 14, 5 ], "texture": "#rail_normal_turned" },
				"north": { "uv": [ 14, 4, 8, 5 ], "texture": "#rail_normal_turned" },
				"south": { "uv": [ 8, 4, 14, 5 ], "texture": "#rail_normal_turned" },
				"west": { "uv": [ 8, 4, 9, 5 ], "texture": "#rail_normal_turned", "rotation": 270 },
				"east": { "uv": [ 14, 5, 13, 4 ], "texture": "#rail_normal_turned", "rotation": 270 }
			}
		},
		{
			"__comment": "Box12",
			"from": [ 8.00093, -0.0007881375, 6.999084 ],
			"to": [ 9.00093, 0.9992118, 9.999084 ],
			"faces": {
				"down": { "uv": [ 8, 10, 9, 7 ], "texture": "#rail_normal_turned" },
				"up": { "uv": [ 8, 7, 9, 10 ], "texture": "#rail_normal_turned" },
				"north": { "uv": [ 9, 7, 8, 8 ], "texture": "#rail_normal_turned" },
				"south": { "uv": [ 8, 9, 9, 10 ], "texture": "#rail_normal_turned" },
				"west": { "uv": [ 8, 7, 9, 10 ], "texture": "#rail_normal_turned", "rotation": 270 },
				"east": { "uv": [ 9, 10, 8, 7 ], "texture": "#rail_normal_turned", "rotation": 270 }
			}
		},
		{
			"__comment": "Box13",
			"from": [ 9.000013, -0.0001230887, 9.000354 ],
			"to": [ 11.00001, 0.9998769, 11.00035 ],
			"faces": {
				"down": { "uv": [ 9, 11, 11, 9 ], "texture": "#rail_normal_turned" },
				"up": { "uv": [ 9, 9, 11, 11 ], "texture": "#rail_normal_turned" },
				"north": { "uv": [ 11, 9, 9, 10 ], "texture": "#rail_normal_turned" },
				"south": { "uv": [ 9, 10, 11, 11 ], "texture": "#rail_normal_turned" },
				"west": { "uv": [ 9, 9, 10, 11 ], "texture": "#rail_normal_turned", "rotation": 270 },
				"east": { "uv": [ 11, 11, 10, 9 ], "texture": "#rail_normal_turned", "rotation": 270 }
			}
		},
		{
			"__comment": "Box14",
			"from": [ 9.999146, 1.604971E-05, 2.999427 ],
			"to": [ 15.99915, 1.000016, 3.999427 ],
			"faces": {
				"down": { "uv": [ 10, 4, 16, 3 ], "texture": "#rail_normal_turned" },
				"up": { "uv": [ 10, 3, 16, 4 ], "texture": "#rail_normal_turned" },
				"north": { "uv": [ 16, 3, 10, 4 ], "texture": "#rail_normal_turned" },
				"south": { "uv": [ 10, 3, 16, 4 ], "texture": "#rail_normal_turned" },
				"west": { "uv": [ 10, 3, 11, 4 ], "texture": "#rail_normal_turned", "rotation": 270 },
				"east": { "uv": [ 16, 4, 15, 3 ], "texture": "#rail_normal_turned", "rotation": 270 }
			}
		},
		{
			"__comment": "Box15",
			"from": [ 9.999112, -0.0004808964, 11.00034 ],
			"to": [ 12.99911, 0.9995191, 12.00034 ],
			"faces": {
				"down": { "uv": [ 10, 12, 13, 11 ], "texture": "#rail_normal_turned" },
				"up": { "uv": [ 10, 11, 13, 12 ], "texture": "#rail_normal_turned" },
				"north": { "uv": [ 13, 11, 10, 12 ], "texture": "#rail_normal_turned" },
				"south": { "uv": [ 10, 11, 13, 12 ], "texture": "#rail_normal_turned" },
				"west": { "uv": [ 10, 11, 11, 12 ], "texture": "#rail_normal_turned", "rotation": 270 },
				"east": { "uv": [ 13, 12, 12, 11 ], "texture": "#rail_normal_turned", "rotation": 270 }
			}
		},
		{
			"__comment": "Box16",
			"from": [ 9.999329, -0.0003346833, 15.00012 ],
			"to": [ 14.99933, 0.9996653, 16.00012 ],
			"faces": {
				"down": { "uv": [ 10, 16, 15, 15 ], "texture": "#rail_normal_turned" },
				"up": { "uv": [ 10, 15, 15, 16 ], "texture": "#rail_normal_turned" },
				"north": { "uv": [ 15, 15, 10, 16 ], "texture": "#rail_normal_turned" },
				"south": { "uv": [ 10, 15, 15, 16 ], "texture": "#rail_normal_turned" },
				"west": { "uv": [ 10, 15, 11, 16 ], "texture": "#rail_normal_turned", "rotation": 270 },
				"east": { "uv": [ 15, 16, 14, 15 ], "texture": "#rail_normal_turned", "rotation": 270 }
			}
		},
		{
			"__comment": "Box17",
			"from": [ 11.00092, -0.0005501006, 1.000283 ],
			"to": [ 13.00092, 0.9994499, 3.000283 ],
			"faces": {
				"down": { "uv": [ 11, 3, 13, 1 ], "texture": "#rail_normal_turned" },
				"up": { "uv": [ 11, 1, 13, 3 ], "texture": "#rail_normal_turned" },
				"north": { "uv": [ 13, 1, 11, 2 ], "texture": "#rail_normal_turned" },
				"south": { "uv": [ 11, 2, 13, 3 ], "texture": "#rail_normal_turned" },
				"west": { "uv": [ 11, 1, 12, 3 ], "texture": "#rail_normal_turned", "rotation": 270 },
				"east": { "uv": [ 13, 3, 12, 1 ], "texture": "#rail_normal_turned", "rotation": 270 }
			}
		},
		{
			"__comment": "Box18",
			"from": [ 10.99985, -0.0004249498, 10.00037 ],
			"to": [ 11.99985, 0.9995751, 13.00037 ],
			"faces": {
				"down": { "uv": [ 11, 13, 12, 10 ], "texture": "#rail_normal_turned" },
				"up": { "uv": [ 11, 10, 12, 13 ], "texture": "#rail_normal_turned" },
				"north": { "uv": [ 12, 10, 11, 11 ], "texture": "#rail_normal_turned" },
				"south": { "uv": [ 11, 12, 12, 13 ], "texture": "#rail_normal_turned" },
				"west": { "uv": [ 11, 10, 12, 13 ], "texture": "#rail_normal_turned", "rotation": 270 },
				"east": { "uv": [ 12, 13, 11, 10 ], "texture": "#rail_normal_turned", "rotation": 270 }
			}
		},
		{
			"__comment": "Box19",
			"from": [ 11.99948, 0.000288029, 5.000649 ],
			"to": [ 13.99948, 1.000288, 7.000649 ],
			"faces": {
				"down": { "uv": [ 12, 7, 14, 5 ], "texture": "#rail_normal_turned" },
				"up": { "uv": [ 12, 5, 14, 7 ], "texture": "#rail_normal_turned" },
				"north": { "uv": [ 14, 5, 12, 6 ], "texture": "#rail_normal_turned" },
				"south": { "uv": [ 12, 6, 14, 7 ], "texture": "#rail_normal_turned" },
				"west": { "uv": [ 12, 5, 13, 7 ], "texture": "#rail_normal_turned", "rotation": 270 },
				"east": { "uv": [ 14, 7, 13, 5 ], "texture": "#rail_normal_turned", "rotation": 270 }
			}
		},
		{
			"__comment": "Box20",
			"from": [ 11.99971, 0.0002911182, 11.99924 ],
			"to": [ 15.99971, 1.000291, 13.99924 ],
			"faces": {
				"down": { "uv": [ 12, 14, 16, 12 ], "texture": "#rail_normal_turned" },
				"up": { "uv": [ 12, 12, 16, 14 ], "texture": "#rail_normal_turned" },
				"north": { "uv": [ 16, 12, 12, 13 ], "texture": "#rail_normal_turned" },
				"south": { "uv": [ 12, 13, 16, 14 ], "texture": "#rail_normal_turned" },
				"west": { "uv": [ 12, 12, 13, 14 ], "texture": "#rail_normal_turned", "rotation": 270 },
				"east": { "uv": [ 16, 14, 15, 12 ], "texture": "#rail_normal_turned", "rotation": 270 }
			}
		},
		{
			"__comment": "Box21",
			"from": [ 12.99919, 0.0007433224, 2.000907 ],
			"to": [ 15.99919, 1.000743, 3.000907 ],
			"faces": {
				"down": { "uv": [ 13, 3, 16, 2 ], "texture": "#rail_normal_turned" },
				"up": { "uv": [ 13, 2, 16, 3 ], "texture": "#rail_normal_turned" },
				"north": { "uv": [ 16, 2, 13, 3 ], "texture": "#rail_normal_turned" },
				"south": { "uv": [ 13, 2, 16, 3 ], "texture": "#rail_normal_turned" },
				"west": { "uv": [ 13, 2, 14, 3 ], "texture": "#rail_normal_turned", "rotation": 270 },
				"east": { "uv": [ 16, 3, 15, 2 ], "texture": "#rail_normal_turned", "rotation": 270 }
			}
		},
		{
			"__comment": "Box22",
			"from": [ 12.99942, 0.000528605, 6.999806 ],
			"to": [ 14.99942, 1.000529, 9.999805 ],
			"faces": {
				"down": { "uv": [ 13, 10, 15, 7 ], "texture": "#rail_normal_turned" },
				"up": { "uv": [ 13, 7, 15, 10 ], "texture": "#rail_normal_turned" },
				"north": { "uv": [ 15, 7, 13, 8 ], "texture": "#rail_normal_turned" },
				"south": { "uv": [ 13, 9, 15, 10 ], "texture": "#rail_normal_turned" },
				"west": { "uv": [ 13, 7, 14, 10 ], "texture": "#rail_normal_turned", "rotation": 270 },
				"east": { "uv": [ 15, 10, 14, 7 ], "texture": "#rail_normal_turned", "rotation": 270 }
			}
		},
		{
			"__comment": "Box23",
			"from": [ 13.99981, -2.061808E-05, 9.999687 ],
			"to": [ 15.99981, 0.9999794, 11.99969 ],
			"faces": {
				"down": { "uv": [ 14, 12, 16, 10 ], "texture": "#rail_normal_turned" },
				"up": { "uv": [ 14, 10, 16, 12 ], "texture": "#rail_normal_turned" },
				"north": { "uv": [ 16, 10, 14, 11 ], "texture": "#rail_normal_turned" },
				"south": { "uv": [ 14, 11, 16, 12 ], "texture": "#rail_normal_turned" },
				"west": { "uv": [ 14, 10, 15, 12 ], "texture": "#rail_normal_turned", "rotation": 270 },
				"east": { "uv": [ 16, 12, 15, 10 ], "texture": "#rail_normal_turned", "rotation": 270 }
			}
		}
	]
}