{
	"ambientocclusion": false,
	"textures": {
		"rail": "blocks/e_texture"
	},
	"elements": [ 	 
		{
			"__comment": "Box2",
			"from": [ 1.031374, 14.22359, 0.662112 ],
			"to": [ 15.03138, 15.22359, 2.662112 ],
			"rotation": { "origin": [ -4.625, 14.3125, 0.75 ], "axis": "x", "angle": 45, "rescale": true },
			"faces": {
				"down": { "uv": [ 1, 3, 15, 1 ], "texture": "#rail" },
				"up": { "uv": [ 1, 1, 15, 3 ], "texture": "#rail" },
				"north": { "uv": [ 15, 1, 1, 2 ], "texture": "#rail" },
				"south": { "uv": [ 1, 2, 15, 3 ], "texture": "#rail" },
				"west": { "uv": [ 1, 1, 2, 3 ], "texture": "#rail", "rotation": 270 },
				"east": { "uv": [ 15, 3, 14, 1 ], "texture": "#rail", "rotation": 270 }
			}
		},
		{
			"__comment": "Box3",
			"from": [ 1.032272, 14.22404, 4.66083 ],
			"to": [ 15.03227, 15.22404, 6.66083 ],
			"rotation": { "origin": [ -4.625, 14.3125, 0.75 ], "axis": "x", "angle": 45, "rescale": true },
			"faces": {
				"down": { "uv": [ 1, 7, 15, 5 ], "texture": "#rail" },
				"up": { "uv": [ 1, 5, 15, 7 ], "texture": "#rail" },
				"north": { "uv": [ 15, 5, 1, 6 ], "texture": "#rail" },
				"south": { "uv": [ 1, 6, 15, 7 ], "texture": "#rail" },
				"west": { "uv": [ 1, 5, 2, 7 ], "texture": "#rail", "rotation": 270 },
				"east": { "uv": [ 15, 7, 14, 5 ], "texture": "#rail", "rotation": 270 }
			}
		},
		{
			"__comment": "Box4",
			"from": [ 1.029784, 14.22301, 8.660872 ],
			"to": [ 15.02979, 15.22301, 10.66087 ],
			"rotation": { "origin": [ -4.625, 14.3125, 0.75 ], "axis": "x", "angle": 45, "rescale": true },
			"faces": {
				"down": { "uv": [ 1, 11, 15, 9 ], "texture": "#rail" },
				"up": { "uv": [ 1, 9, 15, 11 ], "texture": "#rail" },
				"north": { "uv": [ 15, 9, 1, 10 ], "texture": "#rail" },
				"south": { "uv": [ 1, 10, 15, 11 ], "texture": "#rail" },
				"west": { "uv": [ 1, 9, 2, 11 ], "texture": "#rail", "rotation": 270 },
				"east": { "uv": [ 15, 11, 14, 9 ], "texture": "#rail", "rotation": 270 }
			}
		},
		{
			"__comment": "Box5",
			"from": [ 1.031957, 14.20169, 12.63912 ],
			"to": [ 15.03195, 15.20169, 14.63912 ],
			"rotation": { "origin": [ -4.625, 14.3125, 0.75 ], "axis": "x", "angle": 45, "rescale": true },
			"faces": {
				"down": { "uv": [ 1, 15, 15, 13 ], "texture": "#rail" },
				"up": { "uv": [ 1, 13, 15, 15 ], "texture": "#rail" },
				"north": { "uv": [ 15, 13, 1, 14 ], "texture": "#rail" },
				"south": { "uv": [ 1, 14, 15, 15 ], "texture": "#rail" },
				"west": { "uv": [ 1, 13, 2, 15 ], "texture": "#rail", "rotation": 270 },
				"east": { "uv": [ 15, 15, 14, 13 ], "texture": "#rail", "rotation": 270 }
			}
		},
		{
			"__comment": "Box7",
			"from": [ 7.031637, 14.20206, 2.639879 ],
			"to": [ 9.031637, 15.20206, 12.63988 ],
			"rotation": { "origin": [ -4.625, 14.3125, 0.75 ], "axis": "x", "angle": 45, "rescale": true },
			"faces": {
				"down": { "uv": [ 7, 13, 9, 3 ], "texture": "#rail" },
				"up": { "uv": [ 7, 3, 9, 13 ], "texture": "#rail" },
				"north": { "uv": [ 9, 3, 7, 4 ], "texture": "#rail" },
				"south": { "uv": [ 7, 12, 9, 13 ], "texture": "#rail" },
				"west": { "uv": [ 7, 3, 8, 13 ], "texture": "#rail", "rotation": 270 },
				"east": { "uv": [ 9, 13, 8, 3 ], "texture": "#rail", "rotation": 270 }
			}
		},
		{
			"__comment": "Box8",
			"from": [ 12.02794, 14.29507, -1.016622 ],
			"to": [ 14.02794, 15.29507, 15.48338 ],
			"rotation": { "origin": [ -4.625, 14.3125, 0.75 ], "axis": "x", "angle": 45, "rescale": true },
			"faces": {
				"down": { "uv": [ 12, 16, 14, 0 ], "texture": "#rail" },
				"up": { "uv": [ 12, 16, 14, 0 ], "texture": "#rail" },
				"north": { "uv": [ 14, 0, 12, 1 ], "texture": "#rail" },
				"south": { "uv": [ 12, 15, 14, 16 ], "texture": "#rail" },
				"west": { "uv": [ 13, 0, 14, 16 ], "texture": "#rail", "rotation": 270 },
				"east": { "uv": [ 3, 16, 2, 0 ], "texture": "#rail", "rotation": 270 }
			}
		},
		{
			"__comment": "Box8",
			"from": [ 2.02748, 14.29786, -0.9734453 ],
			"to": [ 4.02748, 15.29786, 15.52655 ],
			"rotation": { "origin": [ -4.625, 14.3125, 0.75 ], "axis": "x", "angle": 45, "rescale": true },
			"faces": {
				"down": { "uv": [ 12, 16, 14, 0 ], "texture": "#rail" },
				"up": { "uv": [ 14, 16, 12, 0 ], "texture": "#rail" },
				"north": { "uv": [ 14, 0, 12, 1 ], "texture": "#rail" },
				"south": { "uv": [ 12, 15, 14, 16 ], "texture": "#rail" },
				"west": { "uv": [ 13, 0, 14, 16 ], "texture": "#rail", "rotation": 270 },
				"east": { "uv": [ 3, 16, 2, 0 ], "texture": "#rail", "rotation": 270 }
			}
		}
	]
}