{
	"__comment": "Designed by MinecraftSpace with Cubik Studio - https://cubik.studio",
	"ambientocclusion": false,
	"textures": {
		"rail": "blocks/e_texture"
	},
	"elements": [ 	 
		{
			"__comment": "Box2",
			"from": [ 0.9999312, 1.156498, 2.249905 ],
			"to": [ 14.99993, 2.156498, 4.249906 ],
			"rotation": { "origin": [ 1, 1.15625, 2.25 ], "axis": "x", "angle": -45, "rescale": true },
			"faces": {
				"down": { "uv": [ 1, 3, 15, 1 ], "texture": "#rail" },
				"up": { "uv": [ 1, 1, 15, 3 ], "texture": "#rail" },
				"north": { "uv": [ 15, 1, 1, 2 ], "texture": "#rail" },
				"south": { "uv": [ 1, 2, 15, 3 ], "texture": "#rail" },
				"west": { "uv": [ 1, 1, 2, 3 ], "texture": "#rail", "rotation": 270 },
				"east": { "uv": [ 15, 3, 14, 1 ], "texture": "#rail", "rotation": 270 }
			}
		},
		{
			"__comment": "Box3",
			"from": [ 1.000837, 1.156346, 6.250518 ],
			"to": [ 15.00084, 2.156346, 8.250518 ],
			"rotation": { "origin": [ 1, 1.15625, 2.25 ], "axis": "x", "angle": -45, "rescale": true },
			"faces": {
				"down": { "uv": [ 1, 7, 15, 5 ], "texture": "#rail" },
				"up": { "uv": [ 1, 5, 15, 7 ], "texture": "#rail" },
				"north": { "uv": [ 15, 5, 1, 6 ], "texture": "#rail" },
				"south": { "uv": [ 1, 6, 15, 7 ], "texture": "#rail" },
				"west": { "uv": [ 1, 5, 2, 7 ], "texture": "#rail", "rotation": 270 },
				"east": { "uv": [ 15, 7, 14, 5 ], "texture": "#rail", "rotation": 270 }
			}
		},
		{
			"__comment": "Box4",
			"from": [ 0.9996212, 1.155303, 10.24993 ],
			"to": [ 14.99962, 2.155303, 12.24993 ],
			"rotation": { "origin": [ 1, 1.15625, 2.25 ], "axis": "x", "angle": -45, "rescale": true },
			"faces": {
				"down": { "uv": [ 1, 11, 15, 9 ], "texture": "#rail" },
				"up": { "uv": [ 1, 9, 15, 11 ], "texture": "#rail" },
				"north": { "uv": [ 15, 9, 1, 10 ], "texture": "#rail" },
				"south": { "uv": [ 1, 10, 15, 11 ], "texture": "#rail" },
				"west": { "uv": [ 1, 9, 2, 11 ], "texture": "#rail", "rotation": 270 },
				"east": { "uv": [ 15, 11, 14, 9 ], "texture": "#rail", "rotation": 270 }
			}
		},
		{
			"__comment": "Box5",
			"from": [ 0.9992148, 1.124525, 14.25056 ],
			"to": [ 14.99922, 2.124525, 16.25056 ],
			"rotation": { "origin": [ 1, 1.125, 2.25 ], "axis": "x", "angle": -45, "rescale": true },
			"faces": {
				"down": { "uv": [ 1, 15, 15, 13 ], "texture": "#rail" },
				"up": { "uv": [ 1, 13, 15, 15 ], "texture": "#rail" },
				"north": { "uv": [ 15, 13, 1, 14 ], "texture": "#rail" },
				"south": { "uv": [ 1, 14, 15, 15 ], "texture": "#rail" },
				"west": { "uv": [ 1, 13, 2, 15 ], "texture": "#rail", "rotation": 270 },
				"east": { "uv": [ 15, 15, 14, 13 ], "texture": "#rail", "rotation": 270 }
			}
		},
		{
			"__comment": "Box6",
			"from": [ 2.019738, 1.26536, 0.527985 ],
			"to": [ 5.019738, 2.26536, 17.02798 ],
			"rotation": { "origin": [ 1, 1.28125, 2.25 ], "axis": "x", "angle": -45, "rescale": true },
			"faces": {
				"down": { "uv": [ 2, 16, 5, 0 ], "texture": "#rail" },
				"up": { "uv": [ 2, 0, 5, 16 ], "texture": "#rail" },
				"north": { "uv": [ 5, 0, 2, 1 ], "texture": "#rail" },
				"south": { "uv": [ 2, 15, 5, 16 ], "texture": "#rail" },
				"west": { "uv": [ 2, 0, 3, 16 ], "texture": "#rail", "rotation": 270 },
				"east": { "uv": [ 5, 16, 4, 0 ], "texture": "#rail", "rotation": 270 }
			}
		},
		{
			"__comment": "Box7",
			"from": [ 6.999595, 1.124662, 4.250562 ],
			"to": [ 8.999596, 2.124662, 14.25056 ],
			"rotation": { "origin": [ 1, 1.125, 2.25 ], "axis": "x", "angle": -45, "rescale": true },
			"faces": {
				"down": { "uv": [ 7, 13, 9, 3 ], "texture": "#rail" },
				"up": { "uv": [ 7, 3, 9, 13 ], "texture": "#rail" },
				"north": { "uv": [ 9, 3, 7, 4 ], "texture": "#rail" },
				"south": { "uv": [ 7, 12, 9, 13 ], "texture": "#rail" },
				"west": { "uv": [ 7, 3, 8, 13 ], "texture": "#rail", "rotation": 270 },
				"east": { "uv": [ 9, 13, 8, 3 ], "texture": "#rail", "rotation": 270 }
			}
		},
		{
			"__comment": "Box8",
			"from": [ 10.98008, 1.264669, 0.5271335 ],
			"to": [ 13.98008, 2.264669, 17.02713 ],
			"rotation": { "origin": [ 1, 1.28125, 2.25 ], "axis": "x", "angle": -45, "rescale": true },
			"faces": {
				"down": { "uv": [ 11, 16, 14, 0 ], "texture": "#rail" },
				"up": { "uv": [ 11, 0, 14, 16 ], "texture": "#rail" },
				"north": { "uv": [ 14, 0, 11, 1 ], "texture": "#rail" },
				"south": { "uv": [ 11, 15, 14, 16 ], "texture": "#rail" },
				"west": { "uv": [ 11, 0, 12, 16 ], "texture": "#rail", "rotation": 270 },
				"east": { "uv": [ 14, 16, 13, 0 ], "texture": "#rail", "rotation": 270 }
			}
		}
	]
}