{
	"__comment": "Designed by MinecraftSpace with Cubik Studio - https://cubik.studio",
	"ambientocclusion": false,
	"textures": {
		"rail": "blocks/e_texture"
	},
	"elements": [ 	 
		{
			"__comment": "Box2",
			"from": [ 0.9996, 14.4372, 0.4993 ],
			"to": [ 14.9996, 15.4372, 2.4993 ],
			"rotation": { "origin": [ 1, 14.4375, 0.5 ], "axis": "x", "angle": 45, "rescale": true },
			"faces": {
				"down": { "uv": [ 1, 3, 15, 1 ], "texture": "#rail" },
				"up": { "uv": [ 1, 1, 15, 3 ], "texture": "#rail" },
				"north": { "uv": [ 15, 1, 1, 2 ], "texture": "#rail" },
				"south": { "uv": [ 1, 2, 15, 3 ], "texture": "#rail" },
				"west": { "uv": [ 1, 1, 2, 3 ], "texture": "#rail", "rotation": 270 },
				"east": { "uv": [ 15, 3, 14, 1 ], "texture": "#rail", "rotation": 270 }
			}
		},
		{
			"__comment": "Box3",
			"from": [ 0.9994, 14.4369, 4.4994 ],
			"to": [ 14.9994, 15.4369, 6.4994 ],
			"rotation": { "origin": [ 1, 14.4375, 0.5 ], "axis": "x", "angle": 45, "rescale": true },
			"faces": {
				"down": { "uv": [ 1, 7, 15, 5 ], "texture": "#rail" },
				"up": { "uv": [ 1, 5, 15, 7 ], "texture": "#rail" },
				"north": { "uv": [ 15, 5, 1, 6 ], "texture": "#rail" },
				"south": { "uv": [ 1, 6, 15, 7 ], "texture": "#rail" },
				"west": { "uv": [ 1, 5, 2, 7 ], "texture": "#rail", "rotation": 270 },
				"east": { "uv": [ 15, 7, 14, 5 ], "texture": "#rail", "rotation": 270 }
			}
		},
		{
			"__comment": "Box4",
			"from": [ 0.9991, 14.438, 8.5005 ],
			"to": [ 14.9991, 15.438, 10.5005 ],
			"rotation": { "origin": [ 1, 14.4375, 0.5 ], "axis": "x", "angle": 45, "rescale": true },
			"faces": {
				"down": { "uv": [ 1, 11, 15, 9 ], "texture": "#rail" },
				"up": { "uv": [ 1, 9, 15, 11 ], "texture": "#rail" },
				"north": { "uv": [ 15, 9, 1, 10 ], "texture": "#rail" },
				"south": { "uv": [ 1, 10, 15, 11 ], "texture": "#rail" },
				"west": { "uv": [ 1, 9, 2, 11 ], "texture": "#rail", "rotation": 270 },
				"east": { "uv": [ 15, 11, 14, 9 ], "texture": "#rail", "rotation": 270 }
			}
		},
		{
			"__comment": "Box5",
			"from": [ 0.9998, 14.4383, 12.4994 ],
			"to": [ 14.9998, 15.4383, 14.4994 ],
			"rotation": { "origin": [ 1, 14.4375, 0.5 ], "axis": "x", "angle": 45, "rescale": true },
			"faces": {
				"down": { "uv": [ 1, 15, 15, 13 ], "texture": "#rail" },
				"up": { "uv": [ 1, 13, 15, 15 ], "texture": "#rail" },
				"north": { "uv": [ 15, 13, 1, 14 ], "texture": "#rail" },
				"south": { "uv": [ 1, 14, 15, 15 ], "texture": "#rail" },
				"west": { "uv": [ 1, 13, 2, 15 ], "texture": "#rail", "rotation": 270 },
				"east": { "uv": [ 15, 15, 14, 13 ], "texture": "#rail", "rotation": 270 }
			}
		},
		{
			"__comment": "Box6",
			"from": [ 2.0198, 15.0154, -1.0148 ],
			"to": [ 5.0198, 16.0154, 15.4852 ],
			"rotation": { "origin": [ 1, 15.03125, 0 ], "axis": "x", "angle": 45, "rescale": true },
			"faces": {
				"down": { "uv": [ 2, 16, 5, 0 ], "texture": "#rail" },
				"up": { "uv": [ 2, 0, 5, 16 ], "texture": "#rail" },
				"north": { "uv": [ 5, 0, 2, 1 ], "texture": "#rail" },
				"south": { "uv": [ 2, 15, 5, 16 ], "texture": "#rail" },
				"west": { "uv": [ 2, 0, 3, 16 ], "texture": "#rail", "rotation": 270 },
				"east": { "uv": [ 5, 16, 4, 0 ], "texture": "#rail", "rotation": 270 }
			}
		},
		{
			"__comment": "Box7",
			"from": [ 6.5005, 14.4382, 2.4992 ],
			"to": [ 9.5005, 15.4382, 12.4992 ],
			"rotation": { "origin": [ -2.5, 14.4375, 0.5 ], "axis": "x", "angle": 45, "rescale": true },
			"faces": {
				"down": { "uv": [ 7, 13, 9, 3 ], "texture": "#rail" },
				"up": { "uv": [ 7, 3, 9, 13 ], "texture": "#rail" },
				"north": { "uv": [ 9, 3, 7, 4 ], "texture": "#rail" },
				"south": { "uv": [ 7, 12, 9, 13 ], "texture": "#rail" },
				"west": { "uv": [ 7, 3, 8, 13 ], "texture": "#rail", "rotation": 270 },
				"east": { "uv": [ 9, 13, 8, 3 ], "texture": "#rail", "rotation": 270 }
			}
		},
		{
			"__comment": "Box8",
			"from": [ 10.9806, 15.0162, -1.0162 ],
			"to": [ 13.9806, 16.0162, 15.4838 ],
			"rotation": { "origin": [ 1, 15.03125, 0 ], "axis": "x", "angle": 45, "rescale": true },
			"faces": {
				"down": { "uv": [ 11, 16, 14, 0 ], "texture": "#rail" },
				"up": { "uv": [ 11, 0, 14, 16 ], "texture": "#rail" },
				"north": { "uv": [ 14, 0, 11, 1 ], "texture": "#rail" },
				"south": { "uv": [ 11, 15, 14, 16 ], "texture": "#rail" },
				"west": { "uv": [ 11, 0, 12, 16 ], "texture": "#rail", "rotation": 270 },
				"east": { "uv": [ 14, 16, 13, 0 ], "texture": "#rail", "rotation": 270 }
			}
		}
	]
}