{
	"__comment": "Designed by MinecraftSpace with Cubik Studio - https://cubik.studio",
	"ambientocclusion": false,
	"textures": {
		"rail": "blocks/e_texture"
	},
	"elements": [ 	 
		{
			"__comment": "Box2",
			"from": [ 1.000975, 14.31203, 0.5616319 ],
			"to": [ 15.00098, 15.31203, 2.561632 ],
			"rotation": { "origin": [ 1, 14.3125, 0.5625 ], "axis": "x", "angle": 45, "rescale": true },
			"faces": {
				"down": { "uv": [ 1, 3, 15, 1 ], "texture": "#rail" },
				"up": { "uv": [ 1, 1, 15, 3 ], "texture": "#rail" },
				"north": { "uv": [ 15, 1, 1, 2 ], "texture": "#rail" },
				"south": { "uv": [ 1, 2, 15, 3 ], "texture": "#rail" },
				"west": { "uv": [ 1, 1, 2, 3 ], "texture": "#rail", "rotation": 270 },
				"east": { "uv": [ 15, 3, 14, 1 ], "texture": "#rail", "rotation": 270 }
			}
		},
		{
			"__comment": "Box3",
			"from": [ 0.9999414, 14.31271, 4.562413 ],
			"to": [ 14.99994, 15.31271, 6.562413 ],
			"rotation": { "origin": [ 1, 14.3125, 0.5625 ], "axis": "x", "angle": 45, "rescale": true },
			"faces": {
				"down": { "uv": [ 1, 7, 15, 5 ], "texture": "#rail" },
				"up": { "uv": [ 1, 5, 15, 7 ], "texture": "#rail" },
				"north": { "uv": [ 15, 5, 1, 6 ], "texture": "#rail" },
				"south": { "uv": [ 1, 6, 15, 7 ], "texture": "#rail" },
				"west": { "uv": [ 1, 5, 2, 7 ], "texture": "#rail", "rotation": 270 },
				"east": { "uv": [ 15, 7, 14, 5 ], "texture": "#rail", "rotation": 270 }
			}
		},
		{
			"__comment": "Box4",
			"from": [ 1.000404, 14.31315, 8.562418 ],
			"to": [ 15.0004, 15.31315, 10.56242 ],
			"rotation": { "origin": [ 1, 14.3125, 0.5625 ], "axis": "x", "angle": 45, "rescale": true },
			"faces": {
				"down": { "uv": [ 1, 11, 15, 9 ], "texture": "#rail" },
				"up": { "uv": [ 1, 9, 15, 11 ], "texture": "#rail" },
				"north": { "uv": [ 15, 9, 1, 10 ], "texture": "#rail" },
				"south": { "uv": [ 1, 10, 15, 11 ], "texture": "#rail" },
				"west": { "uv": [ 1, 9, 2, 11 ], "texture": "#rail", "rotation": 270 },
				"east": { "uv": [ 15, 11, 14, 9 ], "texture": "#rail", "rotation": 270 }
			}
		},
		{
			"__comment": "Box5",
			"from": [ 1.000926, 14.2905, 12.53957 ],
			"to": [ 15.00093, 15.2905, 14.53957 ],
			"rotation": { "origin": [ 1, 14.3125, 0.5625 ], "axis": "x", "angle": 45, "rescale": true },
			"faces": {
				"down": { "uv": [ 1, 15, 15, 13 ], "texture": "#rail" },
				"up": { "uv": [ 1, 13, 15, 15 ], "texture": "#rail" },
				"north": { "uv": [ 15, 13, 1, 14 ], "texture": "#rail" },
				"south": { "uv": [ 1, 14, 15, 15 ], "texture": "#rail" },
				"west": { "uv": [ 1, 13, 2, 15 ], "texture": "#rail", "rotation": 270 },
				"east": { "uv": [ 15, 15, 14, 13 ], "texture": "#rail", "rotation": 270 }
			}
		},
		{
			"__comment": "Box7",
			"from": [ 5.000885, 15.52739, 4.590511 ],
			"to": [ 11.00089, 16.52739, 10.59051 ],
			"rotation": { "origin": [ 1, 15.4375, -0.5 ], "axis": "x", "angle": 45, "rescale": true },
			"faces": {
				"down": { "uv": [ 5, 5, 11, 11 ], "texture": "#rail" },
				"up": { "uv": [ 5, 5, 11, 11 ], "texture": "#rail" },
				"north": { "uv": [ 5, 5, 11, 6 ], "texture": "#rail" },
				"south": { "uv": [ 5, 5, 11, 6 ], "texture": "#rail" },
				"west": { "uv": [ 5, 5, 11, 6 ], "texture": "#rail" },
				"east": { "uv": [ 5, 5, 11, 6 ], "texture": "#rail" }
			}
		},
		{
			"__comment": "Box8",
			"from": [ 11.99641, 14.38482, -1.116285 ],
			"to": [ 13.99641, 15.38482, 15.38371 ],
			"rotation": { "origin": [ 1, 14.3125, 0.5625 ], "axis": "x", "angle": 45, "rescale": true },
			"faces": {
				"down": { "uv": [ 12, 16, 14, 0 ], "texture": "#rail" },
				"up": { "uv": [ 12, 16, 14, 0 ], "texture": "#rail" },
				"north": { "uv": [ 14, 0, 12, 1 ], "texture": "#rail" },
				"south": { "uv": [ 12, 15, 14, 16 ], "texture": "#rail" },
				"west": { "uv": [ 13, 0, 14, 16 ], "texture": "#rail", "rotation": 270 },
				"east": { "uv": [ 3, 16, 2, 0 ], "texture": "#rail", "rotation": 270 }
			}
		},
		{
			"__comment": "Box8",
			"from": [ 1.996501, 14.38566, -1.070855 ],
			"to": [ 3.996501, 15.38566, 15.42914 ],
			"rotation": { "origin": [ 1, 14.3125, 0.5625 ], "axis": "x", "angle": 45, "rescale": true },
			"faces": {
				"down": { "uv": [ 12, 16, 14, 0 ], "texture": "#rail" },
				"up": { "uv": [ 14, 16, 12, 0 ], "texture": "#rail" },
				"north": { "uv": [ 14, 0, 12, 1 ], "texture": "#rail" },
				"south": { "uv": [ 12, 15, 14, 16 ], "texture": "#rail" },
				"west": { "uv": [ 13, 0, 14, 16 ], "texture": "#rail", "rotation": 270 },
				"east": { "uv": [ 3, 16, 2, 0 ], "texture": "#rail", "rotation": 270 }
			}
		}
	]
}