{
	"__comment": "Designed by MinecraftSpace with Cubik Studio - https://cubik.studio",
	"ambientocclusion": false,
	"textures": {
		"rail": "blocks/rail_activator"
	},
	"elements": [ 	 
		{
			"__comment": "Box2",
			"from": [ 1.000747, 1.155407, 2.250923 ],
			"to": [ 15.00075, 2.155407, 4.250923 ],
			"rotation": { "origin": [ 1, 1.15625, 2.25 ], "axis": "x", "angle": -45, "rescale": true },
			"faces": {
				"down": { "uv": [ 1, 3, 15, 1 ], "texture": "#rail" },
				"up": { "uv": [ 1, 1, 15, 3 ], "texture": "#rail" },
				"north": { "uv": [ 15, 1, 1, 2 ], "texture": "#rail" },
				"south": { "uv": [ 1, 2, 15, 3 ], "texture": "#rail" },
				"west": { "uv": [ 1, 1, 2, 3 ], "texture": "#rail", "rotation": 270 },
				"east": { "uv": [ 15, 3, 14, 1 ], "texture": "#rail", "rotation": 270 }
			}
		},
		{
			"__comment": "Box3",
			"from": [ 1.000572, 1.155726, 6.250107 ],
			"to": [ 15.00057, 2.155726, 8.250107 ],
			"rotation": { "origin": [ 1, 1.15625, 2.25 ], "axis": "x", "angle": -45, "rescale": true },
			"faces": {
				"down": { "uv": [ 1, 7, 15, 5 ], "texture": "#rail" },
				"up": { "uv": [ 1, 5, 15, 7 ], "texture": "#rail" },
				"north": { "uv": [ 15, 5, 1, 6 ], "texture": "#rail" },
				"south": { "uv": [ 1, 6, 15, 7 ], "texture": "#rail" },
				"west": { "uv": [ 1, 5, 2, 7 ], "texture": "#rail", "rotation": 270 },
				"east": { "uv": [ 15, 7, 14, 5 ], "texture": "#rail", "rotation": 270 }
			}
		},
		{
			"__comment": "Box4",
			"from": [ 0.9993079, 1.155689, 10.24902 ],
			"to": [ 14.99931, 2.155689, 12.24902 ],
			"rotation": { "origin": [ 1, 1.15625, 2.25 ], "axis": "x", "angle": -45, "rescale": true },
			"faces": {
				"down": { "uv": [ 1, 11, 15, 9 ], "texture": "#rail" },
				"up": { "uv": [ 1, 9, 15, 11 ], "texture": "#rail" },
				"north": { "uv": [ 15, 9, 1, 10 ], "texture": "#rail" },
				"south": { "uv": [ 1, 10, 15, 11 ], "texture": "#rail" },
				"west": { "uv": [ 1, 9, 2, 11 ], "texture": "#rail", "rotation": 270 },
				"east": { "uv": [ 15, 11, 14, 9 ], "texture": "#rail", "rotation": 270 }
			}
		},
		{
			"__comment": "Box5",
			"from": [ 1.000123, 1.124488, 14.25055 ],
			"to": [ 15.00012, 2.124488, 16.25055 ],
			"rotation": { "origin": [ 1, 1.125, 2.25 ], "axis": "x", "angle": -45, "rescale": true },
			"faces": {
				"down": { "uv": [ 1, 15, 15, 13 ], "texture": "#rail" },
				"up": { "uv": [ 1, 13, 15, 15 ], "texture": "#rail" },
				"north": { "uv": [ 15, 13, 1, 14 ], "texture": "#rail" },
				"south": { "uv": [ 1, 14, 15, 15 ], "texture": "#rail" },
				"west": { "uv": [ 1, 13, 2, 15 ], "texture": "#rail", "rotation": 270 },
				"east": { "uv": [ 15, 15, 14, 13 ], "texture": "#rail", "rotation": 270 }
			}
		},
		{
			"__comment": "Box7",
			"from": [ 6.999771, 1.124611, 4.250694 ],
			"to": [ 8.999771, 2.124611, 14.25069 ],
			"rotation": { "origin": [ 1, 1.125, 2.25 ], "axis": "x", "angle": -45, "rescale": true },
			"faces": {
				"down": { "uv": [ 7, 13, 9, 3 ], "texture": "#rail" },
				"up": { "uv": [ 7, 3, 9, 13 ], "texture": "#rail" },
				"north": { "uv": [ 9, 3, 7, 4 ], "texture": "#rail" },
				"south": { "uv": [ 7, 12, 9, 13 ], "texture": "#rail" },
				"west": { "uv": [ 7, 3, 8, 13 ], "texture": "#rail", "rotation": 270 },
				"east": { "uv": [ 9, 13, 8, 3 ], "texture": "#rail", "rotation": 270 }
			}
		},
		{
			"__comment": "Box8",
			"from": [ 11.99644, 1.233494, 0.4953507 ],
			"to": [ 13.99644, 2.233494, 16.99535 ],
			"rotation": { "origin": [ 5.34375, 1.25, 2.21875 ], "axis": "x", "angle": -45, "rescale": true },
			"faces": {
				"down": { "uv": [ 12, 16, 14, 0 ], "texture": "#rail" },
				"up": { "uv": [ 12, 16, 14, 0 ], "texture": "#rail" },
				"north": { "uv": [ 14, 0, 12, 1 ], "texture": "#rail" },
				"south": { "uv": [ 12, 15, 14, 16 ], "texture": "#rail" },
				"west": { "uv": [ 13, 0, 14, 16 ], "texture": "#rail", "rotation": 270 },
				"east": { "uv": [ 3, 16, 2, 0 ], "texture": "#rail", "rotation": 270 }
			}
		},
		{
			"__comment": "Box8",
			"from": [ 1.996567, 1.266403, 0.526552 ],
			"to": [ 3.996567, 2.266403, 17.02655 ],
			"rotation": { "origin": [ -4.65625, 1.28125, 2.25 ], "axis": "x", "angle": -45, "rescale": true },
			"faces": {
				"down": { "uv": [ 12, 16, 14, 0 ], "texture": "#rail" },
				"up": { "uv": [ 14, 16, 12, 0 ], "texture": "#rail" },
				"north": { "uv": [ 14, 0, 12, 1 ], "texture": "#rail" },
				"south": { "uv": [ 12, 15, 14, 16 ], "texture": "#rail" },
				"west": { "uv": [ 13, 0, 14, 16 ], "texture": "#rail", "rotation": 270 },
				"east": { "uv": [ 3, 16, 2, 0 ], "texture": "#rail", "rotation": 270 }
			}
		}
	]
}