{"stat.chestOpened":64,"stat.useItem.minecraft.sticky_piston":52,"stat.useItem.minecraft.repeater":7,"stat.leaveGame":19,"stat.pickup.minecraft.arrow":62,"stat.useItem.minecraft.log2":49,"stat.useItem.minecraft.soul_sand":8,"stat.useItem.minecraft.grass":1,"stat.useItem.minecraft.skull":6,"stat.pickup.minecraft.obsidian":1,"stat.useItem.minecraft.carpet":1,"stat.jump":968,"stat.swimOneCm":1468,"stat.useItem.minecraft.iron_trapdoor":1,"stat.pickup.minecraft.white_shulker_box":262,"stat.useItem.minecraft.trapped_chest":19,"stat.useItem.minecraft.piston":132,"stat.crouchOneCm":25309,"stat.useItem.minecraft.obsidian":14,"stat.useItem.minecraft.water_bucket":2,"stat.useItem.minecraft.glass":12,"stat.dropperInspected":23,"stat.useItem.minecraft.sapling":232,"stat.useItem.minecraft.activator_rail":1,"stat.pickup.minecraft.repeater":2,"stat.useItem.minecraft.golden_rail":36,"stat.dispenserInspected":12,"stat.useItem.minecraft.slime":52,"stat.flyOneCm":1664995,"stat.drop.minecraft.sand":1,"stat.damageDealt":18,"stat.useItem.minecraft.wool":12,"stat.timeSinceDeath":727985,"stat.hopperInspected":29,"stat.drop.minecraft.log":1,"stat.useItem.minecraft.iron_shovel":1,"stat.walkOneCm":112162,"stat.trappedChestTriggered":56,"stat.useItem.minecraft.chest":20,"stat.useItem.minecraft.lever":1,"stat.useItem.minecraft.observer":37,"stat.useItem.minecraft.log":15,"stat.useItem.minecraft.comparator":17,"stat.drop.minecraft.iron_block":1,"stat.useItem.minecraft.redstone_block":96,"stat.drop.minecraft.log2":1,"stat.useItem.minecraft.item_frame":4,"stat.useItem.minecraft.redstone":6,"stat.drop.minecraft.cactus":2,"stat.drop.minecraft.obsidian":1,"stat.drop.minecraft.sapling":768,"stat.pickup.minecraft.sapling":465,"stat.useItem.minecraft.dropper":3,"stat.useItem.minecraft.stained_glass":18,"stat.sprintOneCm":69084,"stat.pickup.minecraft.apple":10,"stat.useItem.minecraft.stone_slab":1,"stat.useItem.minecraft.cauldron":14,"stat.useItem.minecraft.iron_block":139,"stat.useItem.minecraft.structure_block":2,"stat.useItem.minecraft.hopper":28,"stat.drop":19,"stat.playOneMinute":727985,"stat.sneakTime":53937,"stat.useItem.minecraft.gray_glazed_terracotta":7,"stat.pickup.minecraft.golden_rail":4}