{"stat.chestOpened":44,"stat.useItem.minecraft.sticky_piston":48,"stat.useItem.minecraft.repeater":4,"stat.leaveGame":17,"stat.useItem.minecraft.log2":49,"stat.useItem.minecraft.soul_sand":8,"stat.useItem.minecraft.skull":6,"stat.pickup.minecraft.obsidian":1,"stat.jump":763,"stat.swimOneCm":1468,"stat.useItem.minecraft.iron_trapdoor":1,"stat.pickup.minecraft.white_shulker_box":262,"stat.useItem.minecraft.trapped_chest":19,"stat.useItem.minecraft.piston":136,"stat.crouchOneCm":20051,"stat.useItem.minecraft.obsidian":13,"stat.useItem.minecraft.water_bucket":2,"stat.useItem.minecraft.glass":25,"stat.dropperInspected":22,"stat.useItem.minecraft.sapling":86,"stat.pickup.minecraft.comparator":1,"stat.useItem.minecraft.activator_rail":1,"stat.pickup.minecraft.repeater":6,"stat.useItem.minecraft.golden_rail":27,"stat.dispenserInspected":12,"stat.useItem.minecraft.slime":51,"stat.flyOneCm":1497321,"stat.drop.minecraft.sand":1,"stat.damageDealt":6018,"stat.useItem.minecraft.wool":12,"stat.timeSinceDeath":690572,"stat.hopperInspected":25,"stat.drop.minecraft.log":1,"stat.useItem.minecraft.command_block":1,"stat.walkOneCm":97766,"stat.trappedChestTriggered":47,"stat.useItem.minecraft.chest":18,"stat.useItem.minecraft.lever":1,"stat.useItem.minecraft.observer":20,"stat.useItem.minecraft.log":41,"stat.useItem.minecraft.comparator":15,"stat.drop.minecraft.iron_block":1,"stat.useItem.minecraft.redstone_block":100,"stat.drop.minecraft.log2":1,"stat.useItem.minecraft.item_frame":4,"stat.useItem.minecraft.redstone":3,"stat.drop.minecraft.cactus":2,"stat.drop.minecraft.obsidian":1,"stat.drop.minecraft.sapling":768,"stat.pickup.minecraft.sapling":157,"stat.useItem.minecraft.stained_glass":19,"stat.sprintOneCm":45174,"stat.pickup.minecraft.apple":1,"stat.useItem.minecraft.cauldron":13,"stat.useItem.minecraft.iron_block":132,"stat.useItem.minecraft.structure_block":2,"stat.mobKills":2,"stat.drop":19,"stat.pickup.minecraft.iron_door":4,"stat.playOneMinute":690572,"stat.sneakTime":47245,"stat.useItem.minecraft.gray_glazed_terracotta":4,"stat.pickup.minecraft.golden_rail":19}