{"stat.useItem.minecraft.repeater":71,"stat.leaveGame":35,"stat.useItem.minecraft.log2":58,"stat.useItem.minecraft.soul_sand":32,"stat.useItem.minecraft.skull":24,"stat.useItem.minecraft.repeating_command_block":2,"stat.swimOneCm":2217,"stat.useItem.minecraft.obsidian":16,"stat.pickup.minecraft.sticky_piston":1,"stat.useItem.minecraft.water_bucket":7,"stat.useItem.minecraft.activator_rail":7,"stat.pickup.minecraft.activator_rail":1,"stat.flyOneCm":3024767,"stat.drop.minecraft.sand":1,"stat.timeSinceDeath":1308793,"stat.hopperInspected":30,"stat.drop.minecraft.log":1,"stat.useItem.minecraft.iron_shovel":1,"stat.useItem.minecraft.iron_door":5,"stat.trappedChestTriggered":68,"stat.useItem.minecraft.lever":1,"stat.drop.minecraft.log2":1,"stat.useItem.minecraft.redstone":6,"stat.drop.minecraft.cactus":2,"stat.drop.minecraft.obsidian":1,"stat.pickup.minecraft.nether_star":1,"stat.useItem.minecraft.dropper":4,"stat.useItem.minecraft.stained_glass":33,"stat.sprintOneCm":111189,"stat.useItem.minecraft.stone_slab":8,"stat.useItem.minecraft.cauldron":17,"stat.useItem.minecraft.structure_block":2,"stat.useItem.minecraft.hopper":47,"stat.pickup.minecraft.emerald":1,"stat.drop":28,"stat.playOneMinute":1308793,"stat.pickup.minecraft.iron_block":20,"stat.useItem.minecraft.gray_glazed_terracotta":8,"stat.chestOpened":77,"stat.useItem.minecraft.sticky_piston":92,"stat.pickup.minecraft.arrow":62,"stat.useItem.minecraft.grass":1,"stat.pickup.minecraft.obsidian":1,"stat.useItem.minecraft.carpet":1,"stat.jump":2114,"stat.useItem.minecraft.iron_trapdoor":15,"stat.pickup.minecraft.white_shulker_box":262,"stat.useItem.minecraft.trapped_chest":19,"stat.useItem.minecraft.piston":271,"stat.crouchOneCm":36531,"stat.useItem.minecraft.emerald_ore":2,"stat.useItem.minecraft.glass":154,"stat.dropperInspected":42,"stat.useItem.minecraft.sapling":232,"stat.pickup.minecraft.repeater":2,"stat.useItem.minecraft.golden_rail":180,"stat.dispenserInspected":29,"stat.useItem.minecraft.gold_block":67,"stat.drop.minecraft.concrete":2,"stat.pickup.minecraft.log2":449,"stat.useItem.minecraft.slime":56,"stat.pickup.minecraft.concrete":2,"stat.damageDealt":18108,"stat.useItem.minecraft.wool":31,"stat.useItem.minecraft.command_block":9,"stat.walkOneCm":189428,"stat.useItem.minecraft.chest":20,"stat.useItem.minecraft.observer":257,"stat.useItem.minecraft.log":174,"stat.useItem.minecraft.comparator":19,"stat.pickup.minecraft.redstone_block":34,"stat.pickup.minecraft.log":175,"stat.drop.minecraft.iron_block":1,"stat.useItem.minecraft.redstone_block":218,"stat.useItem.minecraft.item_frame":4,"stat.drop.minecraft.sapling":1216,"stat.pickup.minecraft.sapling":488,"stat.useItem.minecraft.leaves":1,"stat.pickup.minecraft.apple":10,"stat.useItem.minecraft.concrete":9,"stat.useItem.minecraft.iron_block":683,"stat.mobKills":6,"stat.useItem.minecraft.cobblestone_wall":4,"stat.useItem.minecraft.hopper_minecart":2,"stat.sneakTime":100394,"stat.pickup.minecraft.golden_rail":17}