{"stat.chestOpened":44,"stat.useItem.minecraft.sticky_piston":48,"stat.useItem.minecraft.repeater":3,"stat.leaveGame":17,"stat.useItem.minecraft.log2":49,"stat.useItem.minecraft.soul_sand":8,"stat.useItem.minecraft.skull":6,"stat.pickup.minecraft.obsidian":1,"stat.jump":711,"stat.swimOneCm":1468,"stat.useItem.minecraft.iron_trapdoor":1,"stat.pickup.minecraft.white_shulker_box":262,"stat.useItem.minecraft.trapped_chest":19,"stat.useItem.minecraft.piston":130,"stat.crouchOneCm":19374,"stat.useItem.minecraft.obsidian":13,"stat.useItem.minecraft.water_bucket":2,"stat.useItem.minecraft.glass":12,"stat.dropperInspected":17,"stat.useItem.minecraft.activator_rail":1,"stat.pickup.minecraft.repeater":2,"stat.useItem.minecraft.golden_rail":27,"stat.dispenserInspected":9,"stat.useItem.minecraft.slime":51,"stat.flyOneCm":1422957,"stat.drop.minecraft.sand":1,"stat.damageDealt":18,"stat.useItem.minecraft.wool":12,"stat.timeSinceDeath":665955,"stat.hopperInspected":25,"stat.drop.minecraft.log":1,"stat.walkOneCm":82271,"stat.trappedChestTriggered":47,"stat.useItem.minecraft.chest":18,"stat.useItem.minecraft.lever":1,"stat.useItem.minecraft.observer":19,"stat.useItem.minecraft.log":14,"stat.useItem.minecraft.comparator":15,"stat.drop.minecraft.iron_block":1,"stat.useItem.minecraft.redstone_block":93,"stat.drop.minecraft.log2":1,"stat.useItem.minecraft.item_frame":4,"stat.useItem.minecraft.redstone":3,"stat.drop.minecraft.cactus":2,"stat.drop.minecraft.obsidian":1,"stat.drop.minecraft.sapling":768,"stat.pickup.minecraft.sapling":34,"stat.useItem.minecraft.stained_glass":18,"stat.sprintOneCm":38594,"stat.pickup.minecraft.apple":1,"stat.useItem.minecraft.cauldron":13,"stat.useItem.minecraft.iron_block":128,"stat.useItem.minecraft.structure_block":2,"stat.drop":19,"stat.playOneMinute":665955,"stat.sneakTime":43762,"stat.useItem.minecraft.gray_glazed_terracotta":4,"stat.pickup.minecraft.golden_rail":4}