{"stat.useItem.42":344,"stat.useItem.20":234,"stat.useItem.152":171,"stat.useItem.130":6,"stat.useItem.331":142,"stat.useItem.44":8,"stat.useItem.276":2,"stat.useItem.89":19,"stat.walkOneCm":216339,"stat.useItem.356":57,"stat.useItem.41":130,"stat.useItem.158":1,"achievement.openInventory":261,"stat.leaveGame":22,"stat.useItem.29":210,"stat.mobKills":13,"stat.killEntity.Blaze":9,"stat.useItem.380":9,"stat.useItem.46":12,"stat.useItem.69":1,"stat.useItem.49":12,"stat.useItem.383":13,"stat.useItem.76":41,"stat.useItem.54":1,"stat.flyOneCm":2379197,"stat.useItem.33":75,"stat.useItem.77":9,"stat.drop":12,"stat.useItem.145":1,"stat.jump":2516,"stat.swimOneCm":1446,"stat.useItem.95":91,"stat.useItem.323":6,"stat.useItem.103":2,"stat.playOneMinute":2050051,"stat.useItem.1":11,"stat.useItem.107":2,"stat.useItem.404":33,"stat.useItem.4":63,"stat.killEntity.Villager":4,"stat.damageDealt":275,"stat.useItem.18":7,"achievement.exploreAllBiomes":{"value":0,"progress":["Plains"]},"stat.useItem.57":3,"stat.diveOneCm":1005}